station_id,year,pollutant,total_records,valid_records,missing_records,missing_pct,negative_records,out_of_bounds_records
ANAND_VIHAR,2023,PM2.5,32367,30582,1785,5.51,0,0
ANAND_VIHAR,2023,PM10,32367,30472,1895,5.85,0,0
ANAND_VIHAR,2023,NO,32367,27912,4455,13.76,0,0
ANAND_VIHAR,2023,NO2,32367,28463,3904,12.06,0,0
ANAND_VIHAR,2023,NOx,32367,28072,4295,13.27,0,0
ANAND_VIHAR,2023,NH3,32367,27118,5249,16.22,0,0
ANAND_VIHAR,2023,SO2,32367,26783,5584,17.25,0,0
ANAND_VIHAR,2023,CO,32367,25087,7280,22.49,0,0
ANAND_VIHAR,2023,OZONE,32367,30144,2223,6.87,0,0
ANAND_VIHAR,2024,PM2.5,30214,27627,2587,8.56,0,0
ANAND_VIHAR,2024,PM10,30214,28429,1785,5.91,0,0
ANAND_VIHAR,2024,NO,30214,28638,1576,5.22,0,0
ANAND_VIHAR,2024,NO2,30214,29118,1096,3.63,0,0
ANAND_VIHAR,2024,NOx,30214,29149,1065,3.52,0,0
ANAND_VIHAR,2024,NH3,30214,29020,1194,3.95,0,0
ANAND_VIHAR,2024,SO2,30214,26524,3690,12.21,0,0
ANAND_VIHAR,2024,CO,30214,29176,1038,3.44,0,0
ANAND_VIHAR,2024,OZONE,30214,27710,2504,8.29,0,0
ANAND_VIHAR,2025,PM2.5,33430,31923,1507,4.51,0,0
ANAND_VIHAR,2025,PM10,33430,32149,1281,3.83,0,0
ANAND_VIHAR,2025,NO,33430,29832,3598,10.76,0,0
ANAND_VIHAR,2025,NO2,33430,31998,1432,4.28,0,0
ANAND_VIHAR,2025,NOx,33430,31696,1734,5.19,0,0
ANAND_VIHAR,2025,NH3,33430,32071,1359,4.07,0,0
ANAND_VIHAR,2025,SO2,33430,29136,4294,12.84,0,0
ANAND_VIHAR,2025,CO,33430,30828,2602,7.78,0,0
ANAND_VIHAR,2025,OZONE,33430,29519,3911,11.7,0,0
ITO,2023,PM2.5,32347,31566,781,2.41,0,0
ITO,2023,PM10,32347,31644,703,2.17,0,0
ITO,2023,NO,32347,31252,1095,3.39,0,0
ITO,2023,NO2,32347,31029,1318,4.07,0,0
ITO,2023,NOx,32347,31188,1159,3.58,0,0
ITO,2023,NH3,32347,31275,1072,3.31,0,0
ITO,2023,SO2,32347,31506,841,2.6,0,0
ITO,2023,CO,32347,31609,738,2.28,0,0
ITO,2023,OZONE,32347,31821,526,1.63,0,0
ITO,2024,PM2.5,34618,32557,2061,5.95,0,0
ITO,2024,PM10,34618,32730,1888,5.45,0,0
ITO,2024,NO,34618,34143,475,1.37,0,0
ITO,2024,NO2,34618,33326,1292,3.73,0,0
ITO,2024,NOx,34618,33992,626,1.81,0,0
ITO,2024,NH3,34618,33760,858,2.48,0,0
ITO,2024,SO2,34618,32888,1730,5.0,0,0
ITO,2024,CO,34618,34203,415,1.2,0,0
ITO,2024,OZONE,34618,33377,1241,3.58,0,0
ITO,2025,PM2.5,34339,32318,2021,5.89,0,0
ITO,2025,PM10,34339,32334,2005,5.84,0,0
ITO,2025,NO,34339,33999,340,0.99,0,0
ITO,2025,NO2,34339,33780,559,1.63,0,0
ITO,2025,NOx,34339,33989,350,1.02,0,0
ITO,2025,NH3,34339,33991,348,1.01,0,0
ITO,2025,SO2,34339,32981,1358,3.95,0,0
ITO,2025,CO,34339,33971,368,1.07,0,0
ITO,2025,OZONE,34339,33934,405,1.18,0,0
OKHLA_PHASE_2,2023,PM2.5,34065,33603,462,1.36,0,0
OKHLA_PHASE_2,2023,PM10,34065,33403,662,1.94,0,0
OKHLA_PHASE_2,2023,NO,34065,32222,1843,5.41,0,0
OKHLA_PHASE_2,2023,NO2,34065,32539,1526,4.48,0,0
OKHLA_PHASE_2,2023,NOx,34065,32416,1649,4.84,0,0
OKHLA_PHASE_2,2023,NH3,34065,31480,2585,7.59,0,0
OKHLA_PHASE_2,2023,SO2,34065,31185,2880,8.45,0,0
OKHLA_PHASE_2,2023,CO,34065,32036,2029,5.96,0,0
OKHLA_PHASE_2,2023,OZONE,34065,32281,1784,5.24,0,0
OKHLA_PHASE_2,2024,PM2.5,34941,34582,359,1.03,0,0
OKHLA_PHASE_2,2024,PM10,34941,34318,623,1.78,0,0
OKHLA_PHASE_2,2024,NO,34941,32845,2096,6.0,0,0
OKHLA_PHASE_2,2024,NO2,34941,33088,1853,5.3,0,0
OKHLA_PHASE_2,2024,NOx,34941,33131,1810,5.18,0,0
OKHLA_PHASE_2,2024,NH3,34941,33432,1509,4.32,0,0
OKHLA_PHASE_2,2024,SO2,34941,33194,1747,5.0,0,0
OKHLA_PHASE_2,2024,CO,34941,31306,3635,10.4,0,0
OKHLA_PHASE_2,2024,OZONE,34941,31851,3090,8.84,0,0
OKHLA_PHASE_2,2025,PM2.5,34625,33828,797,2.3,0,0
OKHLA_PHASE_2,2025,PM10,34625,33546,1079,3.12,0,0
OKHLA_PHASE_2,2025,NO,34625,32485,2140,6.18,0,0
OKHLA_PHASE_2,2025,NO2,34625,32986,1639,4.73,0,0
OKHLA_PHASE_2,2025,NOx,34625,32923,1702,4.92,0,0
OKHLA_PHASE_2,2025,NH3,34625,32929,1696,4.9,0,0
OKHLA_PHASE_2,2025,SO2,34625,33019,1606,4.64,0,0
OKHLA_PHASE_2,2025,CO,34625,31774,2851,8.23,0,0
OKHLA_PHASE_2,2025,OZONE,34625,32510,2115,6.11,0,0
AYA_NAGAR,2023,PM2.5,32833,30741,2092,6.37,0,0
AYA_NAGAR,2023,PM10,32833,32355,478,1.46,0,0
AYA_NAGAR,2023,NO,32833,32700,133,0.41,0,0
AYA_NAGAR,2023,NO2,32833,32705,128,0.39,0,0
AYA_NAGAR,2023,NOx,32833,32826,7,0.02,0,0
AYA_NAGAR,2023,NH3,32833,0,32833,100.0,0,0
AYA_NAGAR,2023,SO2,32833,0,32833,100.0,0,0
AYA_NAGAR,2023,CO,32833,32774,59,0.18,0,0
AYA_NAGAR,2023,OZONE,32833,31998,835,2.54,0,0
AYA_NAGAR,2024,PM2.5,34800,33666,1134,3.26,0,0
AYA_NAGAR,2024,PM10,34800,34256,544,1.56,0,0
AYA_NAGAR,2024,NO,34800,34197,603,1.73,0,0
AYA_NAGAR,2024,NO2,34800,34367,433,1.24,0,0
AYA_NAGAR,2024,NOx,34800,34433,367,1.05,0,0
AYA_NAGAR,2024,NH3,34800,0,34800,100.0,0,0
AYA_NAGAR,2024,SO2,34800,0,34800,100.0,0,0
AYA_NAGAR,2024,CO,34800,34700,100,0.29,0,0
AYA_NAGAR,2024,OZONE,34800,33887,913,2.62,0,0
AYA_NAGAR,2025,PM2.5,34928,33083,1845,5.28,0,0
AYA_NAGAR,2025,PM10,34928,34118,810,2.32,0,0
AYA_NAGAR,2025,NO,34928,33807,1121,3.21,0,0
AYA_NAGAR,2025,NO2,34928,34096,832,2.38,0,0
AYA_NAGAR,2025,NOx,34928,34241,687,1.97,0,0
AYA_NAGAR,2025,NH3,34928,0,34928,100.0,0,0
AYA_NAGAR,2025,SO2,34928,0,34928,100.0,0,0
AYA_NAGAR,2025,CO,34928,34589,339,0.97,0,0
AYA_NAGAR,2025,OZONE,34928,34239,689,1.97,0,0
RK_PURAM,2023,PM2.5,33696,32645,1051,3.12,0,0
RK_PURAM,2023,PM10,33696,29834,3862,11.46,0,0
RK_PURAM,2023,NO,33696,30440,3256,9.66,0,0
RK_PURAM,2023,NO2,33696,30741,2955,8.77,0,0
RK_PURAM,2023,NOx,33696,30951,2745,8.15,0,0
RK_PURAM,2023,NH3,33696,30802,2894,8.59,0,0
RK_PURAM,2023,SO2,33696,26820,6876,20.41,0,0
RK_PURAM,2023,CO,33696,26208,7488,22.22,0,0
RK_PURAM,2023,OZONE,33696,30616,3080,9.14,0,0
RK_PURAM,2024,PM2.5,34477,32822,1655,4.8,0,0
RK_PURAM,2024,PM10,34477,29634,4843,14.05,0,0
RK_PURAM,2024,NO,34477,33106,1371,3.98,0,0
RK_PURAM,2024,NO2,34477,33502,975,2.83,0,0
RK_PURAM,2024,NOx,34477,33645,832,2.41,0,0
RK_PURAM,2024,NH3,34477,33338,1139,3.3,0,0
RK_PURAM,2024,SO2,34477,32381,2096,6.08,0,0
RK_PURAM,2024,CO,34477,33045,1432,4.15,0,0
RK_PURAM,2024,OZONE,34477,31820,2657,7.71,0,0
RK_PURAM,2025,PM2.5,34762,33207,1555,4.47,0,0
RK_PURAM,2025,PM10,34762,31389,3373,9.7,0,0
RK_PURAM,2025,NO,34762,33025,1737,5.0,0,0
RK_PURAM,2025,NO2,34762,33561,1201,3.45,0,0
RK_PURAM,2025,NOx,34762,33796,966,2.78,0,0
RK_PURAM,2025,NH3,34762,33464,1298,3.73,0,0
RK_PURAM,2025,SO2,34762,31713,3049,8.77,0,0
RK_PURAM,2025,CO,34762,32717,2045,5.88,0,0
RK_PURAM,2025,OZONE,34762,32909,1853,5.33,0,0
DHYAN_CHAND_STADIUM,2023,PM2.5,34073,33455,618,1.81,0,0
DHYAN_CHAND_STADIUM,2023,PM10,34073,33475,598,1.76,0,0
DHYAN_CHAND_STADIUM,2023,NO,34073,32177,1896,5.56,0,0
DHYAN_CHAND_STADIUM,2023,NO2,34073,32587,1486,4.36,0,0
DHYAN_CHAND_STADIUM,2023,NOx,34073,32149,1924,5.65,0,0
DHYAN_CHAND_STADIUM,2023,NH3,34073,30581,3492,10.25,0,0
DHYAN_CHAND_STADIUM,2023,SO2,34073,31233,2840,8.34,0,0
DHYAN_CHAND_STADIUM,2023,CO,34073,28961,5112,15.0,0,0
DHYAN_CHAND_STADIUM,2023,OZONE,34073,31472,2601,7.63,0,0
DHYAN_CHAND_STADIUM,2024,PM2.5,34404,33204,1200,3.49,0,0
DHYAN_CHAND_STADIUM,2024,PM10,34404,33250,1154,3.35,0,0
DHYAN_CHAND_STADIUM,2024,NO,34404,33154,1250,3.63,0,0
DHYAN_CHAND_STADIUM,2024,NO2,34404,33174,1230,3.58,0,0
DHYAN_CHAND_STADIUM,2024,NOx,34404,33327,1077,3.13,0,0
DHYAN_CHAND_STADIUM,2024,NH3,34404,31751,2653,7.71,0,0
DHYAN_CHAND_STADIUM,2024,SO2,34404,31907,2497,7.26,0,0
DHYAN_CHAND_STADIUM,2024,CO,34404,31903,2501,7.27,0,0
DHYAN_CHAND_STADIUM,2024,OZONE,34404,29651,4753,13.82,0,0
DHYAN_CHAND_STADIUM,2025,PM2.5,34758,33607,1151,3.31,0,0
DHYAN_CHAND_STADIUM,2025,PM10,34758,33525,1233,3.55,0,0
DHYAN_CHAND_STADIUM,2025,NO,34758,33651,1107,3.18,0,0
DHYAN_CHAND_STADIUM,2025,NO2,34758,34034,724,2.08,0,0
DHYAN_CHAND_STADIUM,2025,NOx,34758,34019,739,2.13,0,0
DHYAN_CHAND_STADIUM,2025,NH3,34758,33544,1214,3.49,0,0
DHYAN_CHAND_STADIUM,2025,SO2,34758,31288,3470,9.98,0,0
DHYAN_CHAND_STADIUM,2025,CO,34758,31651,3107,8.94,0,0
DHYAN_CHAND_STADIUM,2025,OZONE,34758,32925,1833,5.27,0,0
MANDIR_MARG,2023,PM2.5,33503,31196,2307,6.89,0,0
MANDIR_MARG,2023,PM10,33503,32365,1138,3.4,0,0
MANDIR_MARG,2023,NO,33503,32290,1213,3.62,0,0
MANDIR_MARG,2023,NO2,33503,32437,1066,3.18,0,0
MANDIR_MARG,2023,NOx,33503,32428,1075,3.21,0,0
MANDIR_MARG,2023,NH3,33503,32279,1224,3.65,0,0
MANDIR_MARG,2023,SO2,33503,26853,6650,19.85,0,0
MANDIR_MARG,2023,CO,33503,29365,4138,12.35,0,0
MANDIR_MARG,2023,OZONE,33503,30397,3106,9.27,0,0
MANDIR_MARG,2024,PM2.5,31662,27536,4126,13.03,0,0
MANDIR_MARG,2024,PM10,31662,29800,1862,5.88,0,0
MANDIR_MARG,2024,NO,31662,30737,925,2.92,0,0
MANDIR_MARG,2024,NO2,31662,30920,742,2.34,0,0
MANDIR_MARG,2024,NOx,31662,30945,717,2.26,0,0
MANDIR_MARG,2024,NH3,31662,30920,742,2.34,0,0
MANDIR_MARG,2024,SO2,31662,27732,3930,12.41,0,0
MANDIR_MARG,2024,CO,31662,29142,2520,7.96,0,0
MANDIR_MARG,2024,OZONE,31662,28587,3075,9.71,0,0
MANDIR_MARG,2025,PM2.5,34087,30576,3511,10.3,0,0
MANDIR_MARG,2025,PM10,34087,32256,1831,5.37,0,0
MANDIR_MARG,2025,NO,34087,30901,3186,9.35,0,0
MANDIR_MARG,2025,NO2,34087,32182,1905,5.59,0,0
MANDIR_MARG,2025,NOx,34087,32524,1563,4.59,0,0
MANDIR_MARG,2025,NH3,34087,32616,1471,4.32,0,0
MANDIR_MARG,2025,SO2,34087,28696,5391,15.82,0,0
MANDIR_MARG,2025,CO,34087,30885,3202,9.39,0,0
MANDIR_MARG,2025,OZONE,34087,32211,1876,5.5,0,0
PUNJABI_BAGH,2023,PM2.5,33779,32411,1368,4.05,0,0
PUNJABI_BAGH,2023,PM10,33779,32550,1229,3.64,0,0
PUNJABI_BAGH,2023,NO,33779,30880,2899,8.58,0,0
PUNJABI_BAGH,2023,NO2,33779,31206,2573,7.62,0,0
PUNJABI_BAGH,2023,NOx,33779,31136,2643,7.82,0,0
PUNJABI_BAGH,2023,NH3,33779,30784,2995,8.87,0,0
PUNJABI_BAGH,2023,SO2,33779,29858,3921,11.61,0,0
PUNJABI_BAGH,2023,CO,33779,26710,7069,20.93,0,0
PUNJABI_BAGH,2023,OZONE,33779,31758,2021,5.98,0,0
PUNJABI_BAGH,2024,PM2.5,34784,33889,895,2.57,0,0
PUNJABI_BAGH,2024,PM10,34784,33951,833,2.39,0,0
PUNJABI_BAGH,2024,NO,34784,33186,1598,4.59,0,0
PUNJABI_BAGH,2024,NO2,34784,33248,1536,4.42,0,0
PUNJABI_BAGH,2024,NOx,34784,33401,1383,3.98,0,0
PUNJABI_BAGH,2024,NH3,34784,33337,1447,4.16,0,0
PUNJABI_BAGH,2024,SO2,34784,29754,5030,14.46,0,0
PUNJABI_BAGH,2024,CO,34784,32650,2134,6.14,0,0
PUNJABI_BAGH,2024,OZONE,34784,32233,2551,7.33,0,0
PUNJABI_BAGH,2025,PM2.5,33583,32131,1452,4.32,0,0
PUNJABI_BAGH,2025,PM10,33583,32064,1519,4.52,0,0
PUNJABI_BAGH,2025,NO,33583,30394,3189,9.5,0,0
PUNJABI_BAGH,2025,NO2,33583,31458,2125,6.33,0,0
PUNJABI_BAGH,2025,NOx,33583,31943,1640,4.88,0,0
PUNJABI_BAGH,2025,NH3,33583,31550,2033,6.05,0,0
PUNJABI_BAGH,2025,SO2,33583,28108,5475,16.3,0,0
PUNJABI_BAGH,2025,CO,33583,31877,1706,5.08,0,0
PUNJABI_BAGH,2025,OZONE,33583,31125,2458,7.32,0,0
JAHANGIRPURI,2023,PM2.5,33854,28408,5446,16.09,0,0
JAHANGIRPURI,2023,PM10,33854,32302,1552,4.58,0,0
JAHANGIRPURI,2023,NO,33854,31649,2205,6.51,0,0
JAHANGIRPURI,2023,NO2,33854,31960,1894,5.59,0,0
JAHANGIRPURI,2023,NOx,33854,31920,1934,5.71,0,0
JAHANGIRPURI,2023,NH3,33854,31345,2509,7.41,0,0
JAHANGIRPURI,2023,SO2,33854,29039,4815,14.22,0,0
JAHANGIRPURI,2023,CO,33854,30750,3104,9.17,0,0
JAHANGIRPURI,2023,OZONE,33854,31110,2744,8.11,0,0
JAHANGIRPURI,2024,PM2.5,33802,29391,4411,13.05,0,0
JAHANGIRPURI,2024,PM10,33802,33091,711,2.1,0,0
JAHANGIRPURI,2024,NO,33802,32411,1391,4.12,0,0
JAHANGIRPURI,2024,NO2,33802,32389,1413,4.18,0,0
JAHANGIRPURI,2024,NOx,33802,32889,913,2.7,0,0
JAHANGIRPURI,2024,NH3,33802,31960,1842,5.45,0,0
JAHANGIRPURI,2024,SO2,33802,31347,2455,7.26,0,0
JAHANGIRPURI,2024,CO,33802,31508,2294,6.79,0,0
JAHANGIRPURI,2024,OZONE,33802,32205,1597,4.72,0,0
JAHANGIRPURI,2025,PM2.5,33999,28173,5826,17.14,0,0
JAHANGIRPURI,2025,PM10,33999,32479,1520,4.47,0,0
JAHANGIRPURI,2025,NO,33999,32903,1096,3.22,0,0
JAHANGIRPURI,2025,NO2,33999,32948,1051,3.09,0,0
JAHANGIRPURI,2025,NOx,33999,33006,993,2.92,0,0
JAHANGIRPURI,2025,NH3,33999,32628,1371,4.03,0,0
JAHANGIRPURI,2025,SO2,33999,30877,3122,9.18,0,0
JAHANGIRPURI,2025,CO,33999,32665,1334,3.92,0,0
JAHANGIRPURI,2025,OZONE,33999,31938,2061,6.06,0,0
DWARKA_SECTOR_8,2023,PM2.5,34080,33558,522,1.53,0,0
DWARKA_SECTOR_8,2023,PM10,34080,33204,876,2.57,0,0
DWARKA_SECTOR_8,2023,NO,34080,32361,1719,5.04,0,0
DWARKA_SECTOR_8,2023,NO2,34080,32555,1525,4.47,0,0
DWARKA_SECTOR_8,2023,NOx,34080,32529,1551,4.55,0,0
DWARKA_SECTOR_8,2023,NH3,34080,32220,1860,5.46,0,0
DWARKA_SECTOR_8,2023,SO2,34080,32393,1687,4.95,0,0
DWARKA_SECTOR_8,2023,CO,34080,30749,3331,9.77,0,0
DWARKA_SECTOR_8,2023,OZONE,34080,32355,1725,5.06,0,0
DWARKA_SECTOR_8,2024,PM2.5,35109,34943,166,0.47,0,0
DWARKA_SECTOR_8,2024,PM10,35109,34417,692,1.97,0,0
DWARKA_SECTOR_8,2024,NO,35109,33867,1242,3.54,0,0
DWARKA_SECTOR_8,2024,NO2,35109,33320,1789,5.1,0,0
DWARKA_SECTOR_8,2024,NOx,35109,33965,1144,3.26,0,0
DWARKA_SECTOR_8,2024,NH3,35109,33956,1153,3.28,0,0
DWARKA_SECTOR_8,2024,SO2,35109,33294,1815,5.17,0,0
DWARKA_SECTOR_8,2024,CO,35109,33372,1737,4.95,0,0
DWARKA_SECTOR_8,2024,OZONE,35109,33260,1849,5.27,0,0
DWARKA_SECTOR_8,2025,PM2.5,34733,34246,487,1.4,0,0
DWARKA_SECTOR_8,2025,PM10,34733,34143,590,1.7,0,0
DWARKA_SECTOR_8,2025,NO,34733,33424,1309,3.77,0,0
DWARKA_SECTOR_8,2025,NO2,34733,33506,1227,3.53,0,0
DWARKA_SECTOR_8,2025,NOx,34733,33498,1235,3.56,0,0
DWARKA_SECTOR_8,2025,NH3,34733,33229,1504,4.33,0,0
DWARKA_SECTOR_8,2025,SO2,34733,32598,2135,6.15,0,0
DWARKA_SECTOR_8,2025,CO,34733,33081,1652,4.76,0,0
DWARKA_SECTOR_8,2025,OZONE,34733,32948,1785,5.14,0,0
